{
  "hash": "960bb297",
  "configHash": "2a606615",
  "lockfileHash": "03f21ce0",
  "browserHash": "705bd91f",
  "optimized": {
    "@angular/core": {
      "src": "../../../../../../node_modules/@angular/core/fesm2022/core.mjs",
      "file": "@angular_core.js",
      "fileHash": "6212da1f",
      "needsInterop": false
    },
    "@angular/platform-browser": {
      "src": "../../../../../../node_modules/@angular/platform-browser/fesm2022/platform-browser.mjs",
      "file": "@angular_platform-browser.js",
      "fileHash": "9189521c",
      "needsInterop": false
    },
    "@angular/router": {
      "src": "../../../../../../node_modules/@angular/router/fesm2022/router.mjs",
      "file": "@angular_router.js",
      "fileHash": "c69fda24",
      "needsInterop": false
    }
  },
  "chunks": {
    "chunk-MJZZGKEC": {
      "file": "chunk-MJZZGKEC.js"
    },
    "chunk-WO4GTBY6": {
      "file": "chunk-WO4GTBY6.js"
    }
  }
}